IsDefault,total_borrowers,avg_income,avg_loan_amount,avg_monthly_repayment,avg_age_years,avg_years_employed,avg_children,avg_family_size,avg_credit_score_1,avg_credit_score_2,avg_credit_score_3,avg_social_circle_defaults,avg_credit_bureau_enquiries
0,32977,18917.7313317604,64270.1533902411,2904.34776056037,40.9438702731971,6.88681531496385,0.470825389880301,2.20258180354766,0.50862910030188,0.554090955982557,0.512223673933082,0.118792176365346,1.80994440143571
1,2719,17415.318185241,57840.8196763515,2751.74553144538,38.730292652553,5.01835017703956,0.492220113851992,2.19542385596399,0.389855355478081,0.440207013439617,0.383979721608738,0.104140345715337,2.01062416998672
